id,first_name,last_name,email
1,Neel,Goady,ngoady0@netvibes.com
2,Martica,Fleg,mfleg1@pcworld.com
3,Waiter,Hunter,whunter2@hao123.com
4,Peterus,Goady,pgoady3@apache.org
5,Ase,Ritelli,aritelli4@seattletimes.com
6,Francisca,Havvock,fhavvock5@mlb.com
7,Piotr,Crinion,pcrinion6@pcworld.com
8,Cyndi,Durrett,cdurrett7@comcast.net
9,Neel,Tonkes,ntonkes8@shop-pro.jp
10,Hanny,Instrell,hinstrell9@typepad.com
